{
  "summary" : "Kotlin course.\nCreated: Jan 21, 2021, 12:44:54 PM.",
  "title" : "Introduzione a Kotlin",
  "authors" : [
    "Ivan Morgillo"
  ],
  "programming_language" : "kotlin",
  "language" : "en",
  "course_type" : "PyCharm",
  "items" : [
    {
      "title" : "lesson1",
      "task_list" : [
        {
          "name" : "Primo passo",
          "files" : {
            "src/Task.kt" : {
              "name" : "src/Task.kt",
              "placeholders" : [
                {
                  "offset" : 13,
                  "length" : 6,
                  "possible_answer" : "Pippo",
                  "placeholder_text" : "TODO()"
                }
              ],
              "is_visible" : true,
              "text" : "val pippo = \"TODO()\"\n"
            },
            "test/Tests.kt" : {
              "name" : "test/Tests.kt",
              "placeholders" : [ ],
              "is_visible" : false,
              "text" : "import org.junit.Assert\nimport org.junit.Test\n\nclass Test {\n    @Test\n    fun testSolution() {\n        Assert.assertEquals(\"Riprova a sostituire TODO() con Pippo\", \"Pippo\", pippo)\n    }\n}\n"
            }
          },
          "description_text" : "<html>\n<h1>Benvenuti al corso di Kotlin \uD83C\uDF8A</h1>\n<p>Il primo task e` la creazione di una <code>val</code>, un valore costante nel tempo che non puo` essere riassegnato.</p>\n<p>In Kotlin, come in tanti altri linguaggi, <code>=</code> e` il simbolo di assegnazione. Alla sua sinistra c'e` il nome della variabile o del value\n    e a destra c'e` il valore.</p>\n<p>Prova ad assegnare alla <code>val pippo</code> il valore <code>\"Pippo\"</code> e premere \"Check\" qui in basso.</p>\n</html>\n",
          "description_format" : "HTML",
          "feedback_link" : {
            "link_type" : "STEPIK"
          },
          "task_type" : "edu"
        },
        {
          "name" : "Valori e variabili",
          "files" : {
            "src/Task.kt" : {
              "name" : "src/Task.kt",
              "placeholders" : [ ],
              "is_visible" : true,
              "text" : "fun main() {\n    val pippo = \"Pippo\"\n    //pippo = \"Pluto\"\n\n    println(pippo)\n}\n"
            }
          },
          "description_text" : "<html>\n<h1>Valori e variabili</h1>\n<p>Il task precedente era la tua prima \"riga di Kotlin\". Adesso cominciamo a capire un po' le differenze tra <code>val</code> e <code>var.</code></p>\n<p>Abbiamo detto che una <code>val</code> non puo' essere riassegnata. OK, ma <cite>in che senso!?</cite></p>\n<p>Partiamo col notare che lo snippet di codice a lato contiene una funzione <code>main</code>, quindi puo' essere eseguito direttamente. Prova ad\n    eseguirlo clickando l'icona ▶️ o scegliendo <b>Run</b> dal menu <code>Ctrl+Shift+A</code>.</p>\n<p>Sulla console appare il risultato della <code>println</code>, l'unico vero strumento di debugging del vero programmatore \uD83D\uDE02</p>\n<p>Prova a riassegnare il valore di <code>pippo</code> rimuovendo il commento dalla riga 3 (cancella <code>//</code>).</p>\n<p>Il compilatore non e` contento:\n<blockquote>Val cannot be reassigned</blockquote>\ne ti suggerisce cosa fare. Possiamo trasformare la <code>val</code> in una <code>var.</code></p>\n<p>Le <code>var</code> sono variabili (duh!?) e possono essere riassegnate se necessario. Nella stragrande maggioranza dei casi userai una\n    <code>val</code> perche` il fatto che sia immutabile ti garantisce che non cambi per qualche motivo esoterico e riduce al minimo le sorprese.</p>\n</html>\n",
          "description_format" : "HTML",
          "feedback_link" : {
            "link_type" : "STEPIK"
          },
          "task_type" : "theory"
        },
        {
          "name" : "Funzioni",
          "files" : {
            "src/Task.kt" : {
              "name" : "src/Task.kt",
              "placeholders" : [ ],
              "is_visible" : true,
              "text" : "import kotlin.random.Random\n\nfun main(): Unit {\n    println(\"Ciao, gente\")\n\n    val number = giveMeANumberPlease()\n    println(\"Number: $number\")\n}\n\nfun giveMeANumberPlease(): Int {\n    return Random(12345).nextInt()\n}\n"
            }
          },
          "description_text" : "<html>\n<h1>Funzioni</h1>\n<p>In Kotlin, come in tanti altri linguaggi, possiamo creare funzioni. La <code>keyword</code> per definire una funzione e` <code>fun</code> (lo so\n    \uD83D\uDE02).</p>\n<p>A sinistra c'e` di nuovo la funzione <code>main</code>. Questa funzione non ha argomenti, cioe` non c'e` nessun valore passato nelle\n    <code>()</code>. Questo significa che possiamo chiamarla usando direttamente il nome della funzione. Provate ad eseguirla usando ▶️.</p>\n<p>Continuando ad analizzare la signature della funzione notiamo che il tipo che vediamo dopo i <code>:</code>, <code>Unit</code>, e`\n    il tipo di ritorno della funzione. In questo caso <code>Unit</code>,\n    cioe` la funzione non ci restituisce niente. E` come il <code>Void</code> in Java.</p>\n<p>La funzione <code>giveMeANumberPlease()</code> ha invece un valore di ritorno, <code>Int</code>. Questo significa che possiamo assegnare ad una\n    <code>val</code> il valore ritornato dalla funzione. Eseguendo <code>main</code> vedrai sulla console anche la stampa del numero.</p>\n<p>Analizzando la funzione <code>giveMeANumberPlease()</code> notiamo che il parametro <code>12345</code> e` \"fisso\" nel tempo o \"hardcoded\": non\n    potremo mai usare niente di diverso per la funzione <code>Random</code>. Per rendere la nostra funzione un po' piu` dinamica, possiamo estrarre\n    quel valore e trasformarlo in un argomento da passare\n    alla funzione.</p>\n<p>Seleziona il valore <code>12356</code> e con <strong>Find Action</strong> (Ctrl+Shift+A) cerca <strong>Introduce Parameter</strong> e premi\n    Invio. Adesso abbiamo la possibilita` di passare alla funzione<code>giveMeANumberPlease()</code> qualcosa di dinamico piuttosto che avere\n    sempre<code>12345</code> \uD83D\uDC4D.\n</p>\n</html>\n",
          "description_format" : "HTML",
          "feedback_link" : {
            "link_type" : "STEPIK"
          },
          "task_type" : "theory"
        },
        {
          "name" : "Nullability",
          "files" : {
            "src/Main.kt" : {
              "name" : "src/Main.kt",
              "placeholders" : [ ],
              "is_visible" : true,
              "text" : "import kotlin.random.Random\n\nfun main() {\n    val maybePositive: Int? = giveMeAPositiveNumber()\n\n    println(\"maybePositive: $maybePositive\")\n}\n\nfun giveMeAPositiveNumber(): Int? {\n    val anyNumber: Int = giveMeANumberPlease()\n    println(\"anyNumber: $anyNumber\")\n    return if (anyNumber > 0) anyNumber\n    else null\n}\n\nfun giveMeANumberPlease(): Int {\n    val seed = System.currentTimeMillis().toInt()\n    return Random(seed).nextInt()\n}\n"
            }
          },
          "description_text" : "<html>\n<h1>Rappresentare l'assenza di valore</h1>\n<p>Se avete familiarita` con Java avrete sicuramente visto esplodere il vostro programma a causa di una <code>NullPointerException</code>. Una NPE e`\n    la diretta conseguenza del provare ad eseguire un metodo su un oggetto che e` <code>null</code>.</p>\n<blockquote>Ma cos'e` null?</blockquote>\n<p>Il concetto di <code>null</code> nasce nel 1965 e il suo creatore lo ha poi definito <a\n        href=\"https://www.infoq.com/presentations/Null-References-The-Billion-Dollar-Mistake-Tony-Hoare/\">The Billion-dollar mistake</a> e viene\n    principalmente usato per rappresentare l'assenza di valore.</p>\n<p>Nel task precedente abbiamo visto la funzione <code>giveMeANumberPlease()</code> che ritorna un <code>Int</code>. La funzione ritorna un\n    <code>Int</code> perche` la sua implementazione e` sempre in grado di fornire un output valido.</p>\n<p>La nuova funzione <code>giveMeAPositiveNumber()</code> ricalca un po' quella funzione, ma deve restituire un intero positivo. Il problema che\n    dobbiamo affrontare e` che <code>Random.nextInt()</code> produce anche numeri negativi. Siamo difronte ad una scelta:</p>\n<blockquote>Cosa facciamo quando il numero e` negativo?</blockquote>\n<p>Una possibile soluzione e` restituire <code>null</code>, quindi la nostra funzione adesso restituise un <code>Int?</code>. Quel <code>?</code>\n    rappresenta la possibilita` che il risultato sia <code>null</code>.</p>\n<p>Eseguite lo snippet un po' di volte e vedrete che ogni tanto la funzione <code>giveMeAPositiveNumber()</code> non riesce ad ottenere un numero\n    positivo e ritorna <code>null</code>.</p>\n\n<h3>In conclusione</h3>\n<p>In Kotlin, il modo piu' semplice per rappresentare l'assenza di valore e` usare <code>null</code>.</p>\n</html>\n",
          "description_format" : "HTML",
          "feedback_link" : {
            "link_type" : "STEPIK"
          },
          "task_type" : "theory"
        },
        {
          "name" : "If-else",
          "files" : {
            "src/Main.kt" : {
              "name" : "src/Main.kt",
              "placeholders" : [ ],
              "is_visible" : true,
              "text" : "import kotlin.random.Random\n\nfun main() {\n    // If come dichiarazione\n    val number = giveMeANumberPlease()\n\n    if (number > 0) println(\"Positivo\")\n\n    // If-else come dichiarazione\n    if (number % 2 == 0) println(\"Pari\")\n    else println(\"Dispari\")\n\n    // If-else come espressione\n    val result: String = if (number % 2 == 0) \"Pari\" else \"Dispari\"\n    println(result)\n}\n\nfun giveMeANumberPlease(): Int {\n    val seed = System.currentTimeMillis().toInt()\n    return Random(seed).nextInt()\n}\n"
            }
          },
          "description_text" : "<html>\n<h1>If-else: due approcci per scenari diversi</h1>\n<p>In Kotlin abbiamo due possibili utilizzi della <code>if-else</code> intravista nel task precedente. Possiamo usarla come:\n<ul>\n    <li>dichiarazione</li>\n    <li>espressione</li>\n</ul>\n</p>\n<p>Usare <code>if-else</code> come dichiarazione significa usare la condizione per creare due branch decisionali ed eseguire un task diverso per uno o\n    entrambi i branch.</p>\n<p>Usare <code>if-else</code> come espressione significa usare entrambi i branch della condizione per generare un valore di ritorno da assegnare ad un\n    parametro.</p>\n<p>La peculiarita` di usare la <code>if-else</code> come espressione e` la necessita` di specificare valori per <strong>entrambi</strong> i branch.\n    Prova a cancellare <code>else \"Dispari\"</code> a rigo 13. Il compilatore non e` contento e ti segnala la mancanza dell'<code>else</code>,\n    lamentandosi del tipo di ritorno.</p>\n<p> In questo caso la <code>if-else</code> si comporta come una funzione che restituisce un oggetto di tipo <code>String</code> e se rimuoviamo la\n    <code>else</code> creiamo uno scenario in cui un branch ritorna <code>String</code> e l'altro branch, l'else che abbiamo cancellato, ma che per il\n    compilatore c'e` ancora, restituisce\n    <code>Unit</code>.</p>\n<p>E` uno scenario da cui il compilatore non sa uscire e chiede il vostro aiuto per chiarire il comportamento dell'espressione.</p>\n</html>\n",
          "description_format" : "HTML",
          "feedback_link" : {
            "link_type" : "STEPIK"
          },
          "task_type" : "theory"
        },
        {
          "name" : "When",
          "files" : {
            "src/Main.kt" : {
              "name" : "src/Main.kt",
              "placeholders" : [ ],
              "is_visible" : true,
              "text" : "import kotlin.random.Random\n\nfun main() {\n    val number = giveMeANumberPlease()\n\n    val result = if (number == 0) \"Zero\"\n    else if (number % 7 == 0) \"Divisibile per 7\"\n    else if (number % 3 == 0) \"Divisibile per 3\"\n    else if (number % 2 == 0) \"Divisibile per 2\"\n    else \"Ciao\"\n\n    println(result)\n}\n\nfun giveMeANumberPlease(): Int {\n    val seed = System.currentTimeMillis().toInt()\n    return Random(seed).nextInt()\n}\n"
            }
          },
          "description_text" : "<html>\n<h1>If not, when?</h1>\n<p>Abbiamo visto come usare la <code>if-else</code> e possiamo intuire come usare la <code>if else-if else.</code>. L'esempio al lato funziona, (prova\n    a fare <strong>Run</strong>), ma e` un po' <i>bruttino</i> se vogliamo.</p>\n<p>Per migliorare un po' le cose, in Kotlin abbiamo una keyword che non abbiamo in Java: <code>when</code>. La <code>when</code> e` usata in scenari\n    simili a quelli in cui useremmo una <code>if-else</code> complessa come espressione.</p>\n<p>La stragrante maggioranza di <code>if-else</code> e <code>when</code> sono intercambiabili. Questo significa che possiamo scrivere quella che ci\n    <i>viene prima</i> e poi farci aiutare da IntelliJ per capire qualche ci piace di piu`.</p>\n<p>Nello snippet a lato, la <code>if</code> ha una piccola linea tratteggiata gialla sotto: e` un suggerimento. Portiamo il mouse sulla\n    <code>if</code> per leggere il suggerimento:\n<blockquote>\"Dovresti usare when.\"</blockquote>\n</p>\n<p>Visto che IntelliJ ci suggerisce il cambiamento, e` giusto che sia lui a fare il fix \uD83D\uDE02 Porta il cursore sulla <code>if</code> e premi\n    <code>Alt+Invio</code>. Dal menu scegli il fix suggerito et voilà: da <code>if</code> a <code>when</code> senza sbattimento \uD83D\uDE02.</p>\n</html>\n",
          "description_format" : "HTML",
          "feedback_link" : {
            "link_type" : "STEPIK"
          },
          "task_type" : "theory"
        }
      ],
      "type" : "lesson"
    },
    {
      "title" : "lesson2",
      "task_list" : [
        {
          "name" : "Classi",
          "files" : {
            "src/Task.kt" : {
              "name" : "src/Task.kt",
              "placeholders" : [ ],
              "is_visible" : true,
              "text" : "fun main() {\n    val frank = User(\n        \"Frank\",\n        \"Castle\",\n        \"1234567\"\n    )\n    println(frank)\n}\n\nclass User(\n    val firstName: String,\n    val lastName: String,\n    val phone: String\n)\n"
            }
          },
          "description_text" : "<html>\n<h1>Classi</h1>\n<p>Una <code>class</code> in Kotlin e` simile ad una <code>class</code> in Java.</p>\n<p>Tipicamente possiamo creare una <code>class</code> invocando il costruttore e passando i necessari argomenti. Notiamo che in Kotlin la keyword\n    <code>new</code> non e` necessaria.</p>\n<p>L'esempio di mostra come creare una val <code>frank</code> di tipo <code>User</code>. Prova ad lanciare lo snippet e vediamo cosa appare sulla\n    console. Non e` molto soddisfacente.</p>\n<p>La funzione <code>println()</code> cerca di stampare il contenuto della <code>val</code> usando il metodo <code>toString</code>, ma il metodo\n    purtroppo manca. Possiamo farci aiutare da IntelliJ per crearlo.</p>\n<p>Col cursore spostati sulla dichiarazione della classe <code>User</code> e con <i>Find Actions</i> cerca <code>toString</code>. Conferma di\n    volere entrambe le properties nel <code>toString</code> e prova a rilanciare lo snippet.</p>\n<p>Adesso prova a cambiare il numero di telefono di <code>frank</code>. Se hai un background Java probabilmente hai provato una strada che al\n    compilatore non piace.</p>\n<p>Questo esempio ha mostrato le limitazioni di <code>class</code> quando vogliamo creare oggetti che contengono solo dati e non comportamenti.</p>\n</html>\n",
          "description_format" : "HTML",
          "feedback_link" : {
            "link_type" : "STEPIK"
          },
          "task_type" : "theory"
        },
        {
          "name" : "Data Class",
          "files" : {
            "src/Task.kt" : {
              "name" : "src/Task.kt",
              "placeholders" : [
                {
                  "offset" : 87,
                  "length" : 8,
                  "possible_answer" : ".copy(phone = \"555-12345\")",
                  "placeholder_text" : "//TODO()"
                }
              ],
              "is_visible" : true,
              "text" : "val frank = User(\n    \"Frank\",\n    \"Castle\",\n    \"1234567\"\n)\n\nval newPhoneFrank = frank//TODO()\n\nfun main() {\n    // frank.phone = \"555-12345\"\n    println(frank)\n\n    print(newPhoneFrank)\n}\n\ndata class User(\n    val firstName: String,\n    val lastName: String,\n    val phone: String\n)\n"
            },
            "test/Tests.kt" : {
              "name" : "test/Tests.kt",
              "placeholders" : [ ],
              "is_visible" : false,
              "text" : "import org.junit.Assert.assertEquals\nimport org.junit.Test\n\nclass Test {\n    @Test\n    fun testSolution() {\n        assertEquals(\n            \"Prova a cambiare il numero di Frank usando copy()\",\n            User(\"Frank\", \"Castle\", \"555-12345\"),\n            newPhoneFrank\n        )\n    }\n}\n"
            }
          },
          "description_text" : "<html>\n<h1>Data class</h1>\n<p>Kotlin offre un tipo specifico per rappresentare classi che contengono solo dati e non comportamenti: <code>data class</code>.</p>\n<p>Abbiamo ricopiato l'esempio precedente e abbiamo trasformato <code>User</code> da <code>class</code> a <code>data class</code>. Prova a lanciare lo\n    snippet. Il risultato e` immediatamente diverso.</p>\n<p>Uno dei vantaggi di usare le <code>data class</code> e` la creazione automatica da parte di Kotlin di metodi come <code>toString</code>, <code>equals</code>,\n    <code>hashCode</code>. Tutto gratis per il nostro piacere... compresa l'immutability.</p>\n<p>Prova a cambiare il <code>phone</code> di <code>frank</code> e il compilatore non sara` contento. Questo accade perche` le <code>data class</code>\n    sono immutabili e cio` ci consente di dormire sonni tranquilli una volta creato un oggetto: nessuno potra` mutarlo di nascosto e far succedere\n    cose\n    inattese nel nostro programma.</p>\n<blockquote>Ma come modifico <code>phone</code>?</blockquote>\n<p>Tra i metodi che le <code>data class</code> ci regalano c'e` anche <code>copy()</code> che ci consente di creare una copia del nostro oggetto con\n    qualche property modificata.</p>\n<p>Prima pero` scopriamo una peculiarita` di Kotlin: i <strong>named arguments</strong>. Col cursore posizionati su <code>User</code> al rigo 1 e\n    premi\n    <i>Alt+Invio</i>. Dal menu seleziona <strong>\"Add names to call arguments\"</strong>. Adesso gli argomenti nel costruttore vengono identificati per\n    nome e non per posizione. Puoi anche passare\n    <code>phone</code> prima di <code>firstname</code>. Provare per credere.</p>\n<p>Adesso che sappiamo come specificare un argomento per nome, possiamo usare il metodo <code>.copy()</code> sull'oggetto <code>frank</code> per\n    cambiare soltanto\n    <code>phone</code>. Prova ad impostare <code>phone</code> a <code>\"555-12345\".</code>, premere \"<i>Check</i>\" qui sotto e poi lancia lo snippet\n    per\n    vedere l'output in\n    console.</p>\n</html>\n",
          "description_format" : "HTML",
          "feedback_link" : {
            "link_type" : "STEPIK"
          },
          "task_type" : "edu"
        },
        {
          "name" : "Sealed Class",
          "files" : {
            "src/Main.kt" : {
              "name" : "src/Main.kt",
              "placeholders" : [ ],
              "is_visible" : true,
              "text" : "import Contact.Address\nimport Contact.Phone\n\nfun main() {\n    println(\"Working with SimpleUser and String\")\n    val frank = SimpleUser(\"Frank\", \"555-12345\")\n    simpleContact(frank.contact)\n\n    val joe = SimpleUser(\"Joe\", \"Avenue Street, 56\")\n    simpleContact(joe.contact)\n\n    println()\n    println(\"Working with BetterUser and Contact\")\n    val betterFrank = BetterUser(\"Frank\", Phone(\"555-12345\"))\n    val betterJoe = BetterUser(\"Joe\", Address(\"Avenue Street, 56\"))\n\n    betterContact(betterFrank.contact)\n    betterContact(betterJoe.contact)\n}\n\ndata class SimpleUser(val name: String, val contact: String)\n\nfun simpleContact(contact: String) {\n    println(\"    Calling $contact\")\n}\n\ndata class BetterUser(val name: String, val contact: Contact)\n\nsealed class Contact {\n    data class Phone(val mobile: String) : Contact()\n    data class Address(val street: String) : Contact()\n}\n\nfun betterContact(contact: Contact) =\n    when (contact) {\n        is Phone -> println(\"    Calling ${contact.mobile}\")\n        is Address -> print(\"    Sending a letter to ${contact.street}\")\n    }\n"
            }
          },
          "description_text" : "<html>\n<h1>Sealed Class</h1>\n<p>Kotlin ha introdotto un ulteriore tipo di classe per affrontare gli scenari che necessitano di una \"<i>gerarchia di tipi ridotta</i>\". Parole fancy\n    per\n    descrivere una cosa parecchio figa e parecchio intuitiva.</p>\n<p>Immagina di avere un <code>SimpleUser</code> con una property <code>contact: String</code>. Il tipo <code>String</code> e` piuttosto generico e ci\n    mette subito in guardia su possibili abusi.</p>\n<p>L'oggetto <code>frank</code> ha un <code>contact</code> che sembra un numero di telefono. Se passiamo il valore alla funzione\n    <code>contactUser()</code> e lanciamo lo snippet, l'output avra` senso.</p>\n<p>I problemi iniziano quando cominciamo a passare stringhe che non sono numeri di telefono, come nel caso di <code>joe</code>.</p>\n<p>Intuiamo che non sempre la property <code>contact</code> e` un numero di telefono, ma a volte e` un indirizzo. <code>contact</code> e` quello che\n    in gergo e` chiamata\n    <strong>\"choice\".</strong></p>\n<p>Possiamo migliorare le cose introducendo un nuovo tipo, chiamato <code>Contact</code>, che rappresenta una scelta tra un numero di telefono e un\n    indirizzo. Adesso quando creiamo un oggetto di tipo\n    <code>BetterUser</code> possiamo specificare precisamente se contact sia un <code>Phone</code> o un <code>Address</code>.</p>\n<p>Di conseguenza possiamo scrivere una versione piu' furba della funzione <code>simpleContact</code>. La nuova funzione usa la nostra cara\n    <code>when</code> per capire se il tipo della property <code>contact</code> e` <code>Phone</code> o <code>Address</code> e agisce di conseguenza.\n</p>\n<p>La programmazione e` piena zeppa di scenari in cui e` necessaria una \"<i>choice</i>\" e le <code>sealed class</code> saranno uno strumento\n    utilissimo nel nostro arsenale.</p>\n</html>\n",
          "description_format" : "HTML",
          "feedback_link" : {
            "link_type" : "STEPIK"
          },
          "task_type" : "theory"
        }
      ],
      "type" : "lesson"
    }
  ],
  "additional_files" : [
    {
      "name" : "build.gradle",
      "placeholders" : [ ],
      "is_visible" : true,
      "text" : "buildscript {\n    ext.kotlin_version = '1.4.20'\n\n    repositories {\n        mavenCentral()\n\n    }\n\n    dependencies {\n        classpath \"org.jetbrains.kotlin:kotlin-gradle-plugin:$kotlin_version\"\n    }\n}\n\ndef printOutput(def output) {\n    return tasks.create(\"printOutput\") {\n        for (line in output.toString().readLines()) {\n            println \"#educational_plugin\" + line\n        }\n    }\n}\n\nsubprojects {\n    apply plugin: 'application'\n    apply plugin: 'java'\n    apply plugin: 'kotlin'\n\n    sourceCompatibility = 1.8\n\n    repositories {\n        mavenCentral()\n\n    }\n\n    dependencies {\n        compile \"org.jetbrains.kotlin:kotlin-stdlib-jdk8:$kotlin_version\"\n        testCompile group: 'junit', name: 'junit', version: '4.12'\n    }\n\n    compileKotlin.destinationDir = compileJava.destinationDir\n\n    compileKotlin {\n        kotlinOptions.jvmTarget = \"1.8\"\n    }\n    compileTestKotlin {\n        kotlinOptions.jvmTarget = \"1.8\"\n    }\n\n    sourceSets {\n        main {\n            kotlin.srcDir 'src'\n            java.srcDir 'src'\n        }\n        test {\n            kotlin.srcDir 'test'\n            java.srcDir 'test'\n        }\n    }\n\n    mainClassName = project.hasProperty(\"mainClass\") ? project.getProperty(\"mainClass\") : \"\"\n    test {\n        outputs.upToDateWhen { false }\n        afterTest { TestDescriptor test, TestResult result ->\n            if (result.resultType == TestResult.ResultType.FAILURE) {\n                def message = result.exception?.message ?: \"Wrong answer\"\n                def lines = message.readLines()\n                println \"#educational_plugin FAILED + \" + lines[0]\n                lines.subList(1, lines.size()).forEach { line ->\n                    println \"#educational_plugin\" + line\n                }\n                // we need this to separate output of different tests\n                println()\n            }\n        }\n    }\n\n    def runOutput = new ByteArrayOutputStream()\n    tasks.run.setStandardOutput(runOutput)\n    tasks.run.doLast { printOutput(runOutput) }\n}\n\nproject(':util') {\n    dependencies {\n        compile group: 'junit', name: 'junit', version: '4.12'\n    }\n}\n\nconfigure(subprojects.findAll { it.name != 'util' }) {\n    dependencies {\n        compile project(':util').sourceSets.main.output\n        testCompile project(':util').sourceSets.test.output\n    }\n}\n"
    }
  ],
  "version" : 11
}